user_id,name,email,registration_date,region
0,Joshua Webb,kbutler@example.org,2022-02-16,AFRICA
1,Gregory Moon,jjones@example.com,2024-02-10,LATAM
2,Eugene Santana,andrewpayne@example.org,2025-02-15,AFRICA
3,Tara Zuniga,michael40@example.net,2021-11-04,AFRICA
4,Tony Johnson,tbailey@example.org,2025-09-06,US
5,Bobby Miller,middletonjacob@example.org,2021-07-02,LATAM
6,Robert Randall,seth86@example.net,2022-04-11,ASIA
7,Dr. Janice Ward,samanthagordon@example.com,2021-01-12,LATAM
8,Kaitlyn Andrews,victoria95@example.com,2021-05-24,AFRICA
9,Michael Williams,simpsonamanda@example.com,2023-08-24,EU
10,James Oconnor,nicholas82@example.net,2020-05-14,US
11,Renee Simmons,troy64@example.com,2023-08-14,ASIA
12,Marilyn Wilson,ychang@example.com,2024-10-17,ASIA
13,Anthony Gomez,kimberly69@example.com,2022-03-29,ASIA
14,Catherine Ramos,thomasthomas@example.com,2023-09-23,LATAM
15,Scott Williams,xwhitehead@example.com,2023-03-10,EU
16,Sarah Griffin,garymorrison@example.org,2025-02-22,LATAM
17,Eric Gentry,patrickromero@example.com,2020-06-07,LATAM
18,Lisa Fisher,timothy51@example.org,2022-10-05,LATAM
19,Ryan Valentine,alvarezjackie@example.com,2021-05-30,LATAM
20,William Hicks,austinwilson@example.org,2022-07-09,LATAM
21,Kelsey Ramirez,brittanylyons@example.com,2025-05-22,EU
22,David Mccarthy,stephen00@example.com,2025-07-21,ASIA
23,Jared Barnes,jeffreyhanson@example.org,2023-08-04,US
24,David Freeman,kbaker@example.net,2022-03-25,LATAM
25,Garrett Park,ralphedwards@example.com,2023-12-03,ASIA
26,Sarah Hernandez,davidbradshaw@example.net,2023-08-28,ASIA
27,Christina Pham,igoodwin@example.com,2023-09-14,ASIA
28,Aaron King,coxzachary@example.net,2025-08-29,US
29,Pamela Ortiz,judith58@example.com,2023-09-04,LATAM
30,Brian Johnson,normanoscar@example.org,2025-08-30,LATAM
31,Joseph Kelly,richard83@example.com,2025-04-17,AFRICA
32,Melissa Brown,karicardenas@example.net,2025-10-25,ASIA
33,Lauren Baker,sabrina18@example.org,2021-04-02,EU
34,Kelly Booker,chris95@example.net,2020-12-15,EU
35,Patrick Cruz,megannelson@example.org,2024-01-01,US
36,Thomas Castro DDS,jgoodman@example.com,2022-06-17,EU
37,Martin Martinez,donna35@example.net,2022-06-13,US
38,Lauren Porter,tony56@example.com,2020-05-23,EU
39,Annette Reed,lmaxwell@example.org,2024-02-27,EU
40,David Parker,jacqueline02@example.org,2021-02-24,EU
41,Erica Armstrong,sarabecker@example.org,2025-11-25,ASIA
42,Kristine Robertson,nicholas95@example.org,2021-09-15,LATAM
43,Sarah Alexander,bookerian@example.org,2025-08-23,ASIA
44,Jose Silva,mariojohnson@example.org,2022-06-13,US
45,Angela Olson,sheri40@example.org,2025-08-15,AFRICA
46,Michael Smith,richardsonjessica@example.com,2022-10-25,AFRICA
47,William Daniels,ebrown@example.net,2021-12-09,ASIA
48,Becky Gonzalez,nathansanchez@example.com,2020-11-21,US
49,Laura Simpson,xmartinez@example.net,2023-11-06,AFRICA
50,John Green,weisstimothy@example.com,2020-05-25,EU
51,Victor Lopez,coleannette@example.org,2022-09-23,EU
52,Johnny Lopez,stephenwade@example.org,2021-12-17,US
53,Thomas Allen,jdixon@example.org,2024-09-29,ASIA
54,Shelly Sweeney,phernandez@example.org,2023-12-17,AFRICA
55,Tammy Lopez,christinaevans@example.com,2023-08-07,EU
56,Ann Travis,omullins@example.org,2021-04-06,LATAM
57,Kyle Lee,wendymartinez@example.org,2023-07-18,AFRICA
58,Debra Lopez,wcarter@example.com,2023-03-10,AFRICA
59,Amber Mann,cwilliams@example.org,2020-10-22,EU
60,Matthew Peterson,melissadaniels@example.com,2023-03-28,US
61,Ashley Collins,wattsamanda@example.net,2021-01-12,LATAM
62,Kyle Bishop,christinedorsey@example.net,2020-12-06,EU
63,Francisco Harris,christophersmith@example.com,2020-02-04,AFRICA
64,Marvin Obrien,kleinbrandy@example.com,2022-03-12,LATAM
65,Kathleen Greene,dcaldwell@example.org,2024-11-28,EU
66,Nathan Lin,jennifer55@example.com,2021-03-10,LATAM
67,Sarah Barnes,matthewjohnson@example.com,2022-09-02,LATAM
68,Melissa Moore,dlewis@example.com,2025-01-13,EU
69,Bradley Hunt,jill44@example.com,2023-07-06,EU
70,Jeremy Taylor,robertgross@example.org,2025-09-15,AFRICA
71,Brittany Cummings,monicaanderson@example.net,2021-06-16,EU
72,Julie Nguyen,joseph37@example.org,2021-09-30,LATAM
73,Jeremiah Garcia,hodgejohn@example.net,2024-11-11,ASIA
74,Ronald Smith,jjohnson@example.net,2023-12-03,LATAM
75,Timothy Jones,morgandiane@example.org,2021-03-15,EU
76,Linda Washington,tmadden@example.org,2020-03-07,EU
77,Barry Garcia,connermelissa@example.net,2020-08-13,LATAM
78,Kyle Stewart,wschultz@example.org,2021-02-14,ASIA
79,Sara White MD,michaelsanchez@example.net,2024-04-05,LATAM
80,Scott Tran,tperez@example.net,2023-11-26,LATAM
81,Rhonda Carter,bethjimenez@example.org,2021-07-07,AFRICA
82,Kelly Ross,amyfigueroa@example.net,2024-04-07,LATAM
83,Cynthia Page,elijahhall@example.org,2024-07-26,EU
84,Brandon Donaldson,michaelacosta@example.net,2021-07-25,US
85,Barbara Bender,michaelmartinez@example.net,2023-04-29,EU
86,Audrey Newton,ryancunningham@example.com,2020-02-04,EU
87,Holly Green,andrew67@example.net,2020-12-12,AFRICA
88,Andrew Scott,douglaslewis@example.net,2024-09-09,ASIA
89,Tamara Floyd,mgomez@example.org,2024-08-25,US
90,Richard Stephens,ashleygross@example.org,2023-05-22,EU
91,Dakota Michael,fmontgomery@example.com,2021-02-06,US
92,Andrea Tran,andrew64@example.net,2020-06-19,LATAM
93,Shelley Bell,schneiderjoshua@example.net,2020-02-19,US
94,Dave Rice,wsnyder@example.org,2023-01-26,LATAM
95,Breanna Wilson,jefferyhayes@example.org,2021-09-14,US
96,Janice Townsend,christinehorn@example.org,2022-02-13,EU
97,Richard Baker MD,richardjenkins@example.net,2024-05-04,US
98,Mrs. Lauren Gay,joshuabarnes@example.com,2020-04-19,AFRICA
99,Tina Miller,colemanzachary@example.org,2021-04-07,EU
100,Donna Snyder,mcguireashley@example.net,2023-01-09,AFRICA
101,Beth Coleman,zlucas@example.com,2024-12-23,US
102,Nicole Watson,munozjose@example.org,2020-02-09,AFRICA
103,April Davidson,jacobanderson@example.org,2023-11-16,EU
104,Patrick Daniels,christopher45@example.org,2024-06-27,ASIA
105,Alvin Martin,sshaffer@example.com,2025-02-18,US
106,Brett Sanchez,moralesandrew@example.net,2022-03-09,EU
107,Jon Garcia,harmonkristen@example.org,2022-11-16,LATAM
108,Diana Butler,jenniferyoung@example.org,2023-05-16,ASIA
109,Joshua Martinez,daltonkimberly@example.org,2025-04-28,EU
110,Elizabeth Burke,bellrichard@example.org,2025-04-26,EU
111,Christopher Blackburn,kimberlydurham@example.net,2021-04-05,LATAM
112,James Martin,debra53@example.com,2024-12-02,EU
113,Brandi Murphy,heidicox@example.org,2025-08-02,LATAM
114,Ann Little,gravesmichael@example.net,2023-07-04,EU
115,Susan Pruitt,michellemyers@example.net,2021-07-25,EU
116,Taylor Sullivan,heatherspence@example.net,2020-11-26,EU
117,Rebecca Hamilton,tforbes@example.org,2022-07-23,US
118,Jason Davis,fsellers@example.org,2021-04-13,ASIA
119,Mary Miller,martinezgary@example.net,2022-12-18,EU
120,Monica Flores,cunninghamantonio@example.org,2021-09-23,US
121,Isabel Webb,chambersbrian@example.com,2021-09-22,AFRICA
122,Brent Salas,fitzgeraldbrian@example.net,2022-10-16,AFRICA
123,Jessica Harper,christopherhall@example.org,2020-11-01,EU
124,Angela Andersen,gwheeler@example.com,2022-10-20,AFRICA
125,Frank Roach,mcphersonryan@example.org,2021-01-09,LATAM
126,Ronald Mitchell,david09@example.org,2020-11-24,ASIA
127,Marco Garcia,portermichael@example.net,2022-05-24,ASIA
128,Mr. Joshua Best,mark64@example.org,2025-02-13,EU
129,Kenneth Williams,benjaminmary@example.net,2025-10-08,ASIA
130,Christopher Maldonado,mmyers@example.net,2020-01-13,EU
131,Regina Perry,kurt10@example.com,2025-08-18,EU
132,Kenneth Dillon II,john44@example.com,2024-11-17,AFRICA
133,Bradley Brown,blevinsmichael@example.com,2021-02-13,LATAM
134,Sara Hernandez,jamesporter@example.org,2025-02-22,EU
135,Peggy Campbell,dawn71@example.net,2022-01-22,AFRICA
136,Gail Summers,tsmith@example.org,2020-09-10,ASIA
137,Edward Gordon PhD,wendy60@example.com,2023-05-04,US
138,Christopher Potter,fwalton@example.com,2020-12-16,US
139,Michele Andrews DVM,mkramer@example.org,2024-03-05,LATAM
140,Amber Henderson,aaron63@example.org,2020-02-16,ASIA
141,Sean Butler,mclaughlinalan@example.net,2024-12-06,EU
142,Kimberly Stevenson,james83@example.com,2023-01-20,AFRICA
143,Matthew Randolph,fcooper@example.org,2023-01-21,US
144,Nicholas Oneal,richard62@example.com,2021-04-29,LATAM
145,Veronica Hill,williamsjessica@example.net,2023-07-02,LATAM
146,Terry Burgess,hartthomas@example.org,2023-01-06,ASIA
147,Sherry Johnson,andrew69@example.org,2025-10-20,AFRICA
148,Jennifer Winters,rachel72@example.com,2025-05-21,LATAM
149,Lindsey Jones,watkinsjessica@example.net,2024-06-02,EU
150,Manuel Gomez,syoung@example.net,2023-06-26,LATAM
151,Donald Martin,mercedes27@example.org,2024-02-28,LATAM
152,Jacob Nicholson,lauranorton@example.org,2022-01-30,AFRICA
153,Mary Jones,ericgreene@example.org,2020-05-29,EU
154,Pamela Gonzalez,ellisrebecca@example.com,2024-06-25,EU
155,Jean Crane,zharris@example.com,2023-05-10,US
156,Crystal Liu,madisonfrancis@example.com,2022-09-06,EU
157,Victoria Schwartz,harrismichael@example.org,2022-08-04,ASIA
158,Brittany Wallace,palmerangela@example.net,2022-08-20,AFRICA
159,Rebecca Newton,johnstonjohn@example.org,2021-11-19,AFRICA
160,Brooke Lester,bsmith@example.net,2023-11-08,ASIA
161,Jeffery Hayes,morankenneth@example.com,2024-10-25,US
162,Christina Campbell,krivera@example.org,2023-01-23,ASIA
163,Kevin Hanson,williamhull@example.org,2020-07-03,LATAM
164,Logan Hess,garrisonmary@example.org,2023-02-18,LATAM
165,Lawrence Walter,shortbrian@example.org,2021-10-21,LATAM
166,Maurice Davila,tflynn@example.com,2024-03-26,US
167,Christopher Cardenas,hilllouis@example.net,2020-09-01,US
168,Danielle Simpson,richard55@example.com,2023-02-05,ASIA
169,Christopher Russell,amymartin@example.net,2024-01-15,LATAM
170,Wanda Williams,noah90@example.com,2022-04-08,LATAM
171,Jerry Molina,howardjacob@example.com,2021-12-25,US
172,Shane Decker,katherine58@example.org,2022-08-25,EU
173,Charles Johnson,andrewdaniel@example.com,2021-05-26,US
174,Mary Flores,samanthabarton@example.com,2024-11-09,LATAM
175,Lori Johnson,zphillips@example.org,2024-05-30,EU
176,Karen Harrell,amandaclarke@example.net,2025-09-17,AFRICA
177,Ethan Harris,richardsonjames@example.com,2021-12-03,LATAM
178,Lydia Pruitt,andrew32@example.net,2021-09-29,ASIA
179,Alice Jones,samuel41@example.net,2022-11-25,ASIA
180,Mr. Jeffrey Brown,holly07@example.com,2021-02-01,LATAM
181,Jennifer Young,amyhardin@example.org,2025-06-18,EU
182,Tyler Jackson,melissadavis@example.org,2023-11-09,LATAM
183,Emily Figueroa,katelynmartin@example.com,2021-02-24,US
184,John Butler MD,alexiscamacho@example.net,2022-08-05,ASIA
185,Anthony Richardson,ejones@example.org,2022-02-19,US
186,Danielle Moore,esparzathomas@example.net,2023-08-20,LATAM
187,David Hill,ssandoval@example.net,2023-06-19,EU
188,Rick Tran,savagedavid@example.net,2020-08-01,ASIA
189,Elizabeth Crawford,johnsonruth@example.org,2023-07-24,AFRICA
190,Sharon Leonard,salastimothy@example.net,2025-08-12,US
191,Joe Robinson,natasha18@example.org,2025-03-14,AFRICA
192,Tanya Booker,estokes@example.org,2021-09-09,ASIA
193,Rebecca Arellano,kathleen25@example.org,2020-01-09,ASIA
194,Jamie Lopez,colleenclark@example.com,2022-05-31,ASIA
195,Kim Rodriguez,nicoleschroeder@example.com,2022-10-07,ASIA
196,Robert Black,hflores@example.net,2021-08-15,LATAM
197,Erika Williams,judydaugherty@example.org,2024-05-26,US
198,Ashley Green,joseph32@example.com,2024-08-14,LATAM
199,Barbara Nelson,joneskim@example.com,2025-05-27,EU
200,Richard Curtis,cbrooks@example.com,2025-10-07,US
201,Susan Allen,norrismichelle@example.org,2025-02-28,LATAM
202,Hayley Lewis,cynthia12@example.net,2020-06-30,LATAM
203,Steve Lin,lawrencepowers@example.com,2025-01-14,ASIA
204,Rebecca Davidson,jennifer08@example.net,2023-11-06,US
205,Stacy Rodriguez,sarahjordan@example.com,2023-03-19,AFRICA
206,Richard Delgado,qgilbert@example.net,2024-11-18,LATAM
207,Carlos Hoffman,hopkinsdaniel@example.org,2024-10-02,ASIA
208,Melissa Henry,lynngarrett@example.com,2025-03-02,US
209,Justin Shaw,alicia04@example.org,2021-02-25,LATAM
210,Brian Hodges,langbenjamin@example.org,2021-08-20,US
211,Susan Reed,alec13@example.org,2023-09-17,LATAM
212,Stephen Watts,chadgarcia@example.net,2025-10-27,ASIA
213,Emily Williams,davisjacob@example.net,2022-04-10,US
214,Justin Anderson,steven00@example.net,2021-04-16,US
215,Allison Lewis,rogerschristopher@example.com,2025-01-04,EU
216,Kathryn Oliver PhD,danielmatthews@example.org,2021-09-29,US
217,Lindsay Arnold,colleen41@example.org,2020-06-12,EU
218,Seth Wu,ewingsteven@example.com,2023-03-11,EU
219,Jessica Gardner,swilliams@example.com,2021-09-05,AFRICA
220,Linda Brown,qshields@example.org,2021-03-25,ASIA
221,Jacqueline Ross,avilacrystal@example.net,2022-12-12,LATAM
222,Emily Stephens,thomaslance@example.com,2025-05-13,AFRICA
223,Austin Hull,murrayjohn@example.com,2024-04-20,ASIA
224,Derrick Blackwell,peter42@example.com,2025-08-03,US
225,Kelly Torres,taylorhill@example.net,2020-06-02,US
226,Shane Gonzalez,heidimoore@example.com,2021-04-16,EU
227,Rachael Booth,steven04@example.com,2021-05-14,EU
228,Dylan Gonzalez,bbates@example.net,2023-05-14,ASIA
229,Richard Hatfield,connorwilson@example.net,2020-05-25,ASIA
230,Sandra Arnold,ramoschristopher@example.net,2024-06-29,LATAM
231,Darren Hernandez,scott33@example.net,2023-12-29,EU
232,Richard Wong,lorettanguyen@example.net,2020-08-27,LATAM
233,Nicole Ortega,tfleming@example.org,2020-06-24,AFRICA
234,Joseph Wilson,wilsonnicholas@example.net,2025-02-28,LATAM
235,Diane Morse,kyle70@example.com,2022-07-02,LATAM
236,Gary Mendoza,taylorlopez@example.com,2022-06-06,EU
237,Jerry Singleton,josephjohnston@example.com,2022-04-10,LATAM
238,Lisa Joyce,megannichols@example.org,2023-08-09,AFRICA
239,Alyssa Luna,rachel41@example.com,2022-01-08,EU
240,Robert Barron,kellywashington@example.net,2020-01-01,ASIA
241,Timothy Sanchez,jonathan61@example.net,2024-08-11,ASIA
242,Dr. Brandy Brown,frankwilson@example.net,2023-12-01,US
243,Brian Reed,kimberly80@example.com,2023-05-04,LATAM
244,Briana Parker,vli@example.com,2021-08-18,US
245,Carl Johnson,kyle63@example.net,2025-03-10,EU
246,Robert Grant,scottsawyer@example.org,2020-06-11,ASIA
247,Dr. Danielle Page,evanschelsea@example.org,2021-06-06,US
248,Samantha Figueroa,craigkent@example.com,2022-05-15,AFRICA
249,Joshua Kirk,annamann@example.com,2023-06-25,EU
250,George Thompson,milleralexandra@example.net,2022-10-28,EU
251,Kelly Schroeder,wvillarreal@example.net,2024-01-28,LATAM
252,Joshua Jordan,sandy17@example.net,2021-01-20,US
253,David Jones,barnettdennis@example.com,2020-10-18,ASIA
254,Kevin Vasquez,chelsea97@example.net,2021-12-03,US
255,Raymond Henry,markcox@example.org,2021-03-29,ASIA
256,Taylor Perry,davidluna@example.org,2020-08-27,ASIA
257,Ronald Newton,andreaharris@example.org,2023-08-13,EU
258,Bryan Rodriguez,calebsanchez@example.org,2021-06-01,EU
259,Benjamin Miller,wrightkyle@example.net,2023-05-01,US
260,Matthew Frazier,feliciacarter@example.com,2021-09-03,ASIA
261,Tyler Hall,lopezstephanie@example.net,2022-01-12,ASIA
262,Ryan Pearson,robert66@example.net,2023-08-04,AFRICA
263,Heather Arnold,lamdavid@example.com,2020-05-03,EU
264,Linda Torres,barryedwards@example.org,2022-12-15,EU
265,Nicholas Martinez,phillipsterri@example.com,2025-07-15,EU
266,Nicole Miller,hdavis@example.org,2025-11-08,ASIA
267,Blake Mitchell,mbird@example.org,2021-03-16,US
268,Amanda Jensen,harveyrenee@example.com,2023-03-29,ASIA
269,Jordan Chapman,jeffery83@example.com,2025-10-11,EU
270,Jacob Rojas,moorenicholas@example.com,2023-07-23,EU
271,Mary Rosario,fordmary@example.net,2021-10-12,LATAM
272,Wesley Dillon,david08@example.org,2020-05-22,AFRICA
273,Kathryn Conrad,gdouglas@example.org,2024-11-11,ASIA
274,Pamela Harrell,gkaiser@example.org,2022-08-30,ASIA
275,Mike King,jonesjennifer@example.net,2025-02-17,LATAM
276,Donald Rojas,kellygonzalez@example.net,2022-06-01,EU
277,Katelyn Beck,djackson@example.net,2025-08-15,EU
278,Joshua Dougherty,aroberts@example.net,2020-09-13,ASIA
279,Shannon Ray,jacqueline17@example.net,2020-08-06,US
280,Kyle Green,gregory88@example.com,2020-12-12,EU
281,Tiffany Burgess,amberrobertson@example.net,2024-08-27,LATAM
282,Monique Davis,nwaller@example.org,2023-09-29,ASIA
283,Christine Murphy MD,brian53@example.com,2020-11-28,EU
284,Sean Salinas,william37@example.org,2020-07-02,US
285,Andrew Jones,abigailrivas@example.com,2024-06-11,US
286,Belinda Owens,sdouglas@example.net,2025-03-19,LATAM
287,Matthew Ponce,johnphillips@example.org,2021-02-02,EU
288,Marissa Stewart,amanning@example.org,2020-09-28,AFRICA
289,Gail Lang,michele06@example.org,2021-01-12,AFRICA
290,Megan Matthews,michelle32@example.net,2020-04-14,AFRICA
291,Bryan Pacheco,todd22@example.com,2022-01-05,AFRICA
292,Benjamin Wang,jgonzalez@example.com,2025-06-13,AFRICA
293,David Anderson,fostermark@example.org,2022-04-07,AFRICA
294,Scott Mason,tward@example.net,2023-01-28,EU
295,Anne Turner,fcarter@example.com,2023-03-16,EU
296,Gabrielle Martin,bauermegan@example.com,2021-03-02,ASIA
297,William Mason II,igeorge@example.com,2025-06-18,LATAM
298,Cheryl Goodwin,hickmanjennifer@example.org,2023-04-05,EU
299,Sandra Dunn,stephenpittman@example.org,2023-04-14,LATAM
300,Michael Roberson,josephharrison@example.org,2020-09-18,US
301,Daniel Cabrera,timothy21@example.com,2022-05-14,LATAM
302,Melissa Hunter,valentinekathleen@example.net,2023-01-21,ASIA
303,Julia Ruiz,vpalmer@example.com,2023-09-28,EU
304,Richard Olsen,natashamendez@example.com,2021-03-05,AFRICA
305,Gabriela May,patriciagordon@example.com,2023-03-21,LATAM
306,Nicole Henderson,reyesjulia@example.com,2024-04-23,ASIA
307,Matthew Salazar,asanders@example.org,2023-10-21,ASIA
308,Linda Hill,elizabeth70@example.org,2022-05-08,EU
309,Douglas Willis,zhangsamantha@example.net,2024-01-24,ASIA
310,Donald Cooper,sarahroberts@example.net,2023-11-06,AFRICA
311,John Murillo,christina21@example.com,2024-10-13,EU
312,Margaret Kemp,anthonycantrell@example.com,2025-01-22,LATAM
313,John Hall,drobinson@example.net,2025-05-10,ASIA
314,Patricia King,daniellemiller@example.net,2020-12-31,US
315,Sandra Jones,hernandezjeffery@example.net,2021-07-26,LATAM
316,Nina Coleman,sward@example.org,2023-09-19,ASIA
317,Cindy Wright,kellysarah@example.org,2020-04-30,AFRICA
318,Morgan Reyes,hawkinsangela@example.net,2020-04-17,US
319,George Hernandez PhD,amyanderson@example.org,2024-09-19,LATAM
320,Jason Klein,davisdaisy@example.com,2024-04-21,AFRICA
321,Jessica Frye,armstrongchristina@example.org,2024-06-19,LATAM
322,Caitlin Delgado,georgejennifer@example.net,2024-03-19,AFRICA
323,Andrew House,phillip47@example.org,2020-02-11,LATAM
324,Thomas Freeman,sbender@example.org,2023-03-24,LATAM
325,Carol Montgomery,oosborne@example.net,2024-04-25,LATAM
326,Pamela Thompson,rogersamanda@example.org,2022-07-26,EU
327,James Marshall,ystein@example.com,2023-05-10,ASIA
328,Evelyn Matthews,csullivan@example.com,2023-10-18,ASIA
329,Erin Dalton,kellycaldwell@example.org,2022-07-29,ASIA
330,John Ford,jessicaellis@example.org,2024-01-08,ASIA
331,David Murphy,smithsean@example.com,2021-06-18,LATAM
332,Brandon Shelton,johnsonbrad@example.org,2024-07-29,EU
333,Emily Smith,vrasmussen@example.org,2020-06-21,ASIA
334,Ruben Potter,anthony26@example.net,2022-06-03,ASIA
335,Alexandra Wilson,hernandezeric@example.net,2025-03-16,ASIA
336,Michael Wright,kellerlaura@example.net,2021-02-18,US
337,Kyle Davidson,fedwards@example.org,2021-04-22,LATAM
338,Jody Jefferson,darrenvargas@example.org,2022-01-11,EU
339,Jacqueline Warner,christophermoore@example.org,2022-12-04,AFRICA
340,Monica Wood,pattersondeborah@example.com,2024-05-27,AFRICA
341,Javier Mckinney,christinabarnes@example.net,2023-04-23,US
342,Zachary Newman,qcollier@example.org,2020-05-03,US
343,Jessica Scott,timothy85@example.net,2020-11-20,AFRICA
344,Julie Dawson,shawn95@example.net,2024-05-02,AFRICA
345,Tony Graham,deanna00@example.com,2020-01-27,ASIA
346,Jane Parks,taylorhartman@example.net,2021-02-18,US
347,Angela Palmer,tanya06@example.net,2025-09-21,AFRICA
348,Garrett Mccormick,michelle99@example.net,2023-05-10,LATAM
349,Zachary Dorsey,edward61@example.com,2024-04-11,EU
350,Carolyn Hansen,robert21@example.com,2024-01-11,ASIA
351,Dawn Franklin,taylorholly@example.com,2021-03-16,US
352,Melinda Rogers,nvillegas@example.com,2020-01-11,ASIA
353,Carrie James,williamskathryn@example.net,2021-10-28,EU
354,Daniel Snow,cainjuan@example.net,2022-02-21,AFRICA
355,Jessica Sellers,michaelklein@example.net,2022-01-20,LATAM
356,Erica Williams,thomas56@example.net,2020-05-04,LATAM
357,Jesse Vargas,tsmith@example.net,2023-08-19,US
358,Kristy Davis,garrisonjay@example.net,2023-04-20,US
359,Sarah Collier,wwilliamson@example.com,2025-10-23,LATAM
360,Alyssa Salazar,anthonythompson@example.net,2021-10-25,US
361,Timothy Charles,gperez@example.org,2021-08-06,LATAM
362,Jeremy Fernandez,rosselizabeth@example.com,2024-12-12,ASIA
363,Michael Jordan,lball@example.org,2024-09-24,ASIA
364,Nicole Johnson,virginia38@example.com,2024-06-06,AFRICA
365,Jessica Carr,jacob13@example.net,2023-08-30,LATAM
366,Tommy Jarvis,lmurray@example.org,2024-06-08,US
367,Andrew Mejia DVM,cacosta@example.net,2025-03-22,LATAM
368,Danielle James,michael19@example.org,2022-06-14,LATAM
369,Tracy Vega,fdavidson@example.com,2022-05-13,AFRICA
370,Chad Murphy,manningamber@example.com,2023-03-03,LATAM
371,Valerie Robinson,qshort@example.org,2024-11-26,US
372,Adam Johnson,eaustin@example.com,2021-10-13,US
373,Jessica Welch,adouglas@example.net,2021-05-07,ASIA
374,Christine Dalton,pgarcia@example.com,2022-11-02,ASIA
375,April Clark,jamiesmith@example.com,2023-11-30,EU
376,Kelly Moran,ppatton@example.com,2022-12-11,US
377,Kaylee Chandler,adavis@example.net,2024-04-28,LATAM
378,Rodney Wright,barbaramcknight@example.com,2023-09-24,US
379,Robert Cohen,smithsandra@example.com,2021-05-27,EU
380,Michael Norris,millerwendy@example.org,2022-01-08,ASIA
381,Robert Garner,laurenmckay@example.org,2021-10-04,US
382,April Walton,ecollins@example.org,2024-10-13,ASIA
383,Holly Rocha,ksanchez@example.org,2022-12-02,LATAM
384,Christopher Keller,colonmatthew@example.com,2025-03-12,ASIA
385,Heidi Potts,patricia50@example.org,2023-01-16,AFRICA
386,Jonathan Orr,dfernandez@example.org,2023-06-15,AFRICA
387,Jessica Weeks,dbrewer@example.com,2023-06-04,LATAM
388,Lisa Gray,akelley@example.net,2024-04-12,US
389,Alexis Marsh,jessica75@example.com,2025-01-30,LATAM
390,Oscar Martinez,nluna@example.org,2025-09-12,AFRICA
391,Anthony Young,wmoore@example.org,2023-10-13,LATAM
392,Cameron Lee,seanmay@example.com,2023-05-04,ASIA
393,Philip Sanchez,gabrielle27@example.com,2021-10-08,US
394,Donald Pierce,courtney02@example.net,2024-10-30,LATAM
395,Nicholas Garcia,cortiz@example.net,2021-10-07,AFRICA
396,Mary Santana,lisagarcia@example.org,2021-02-20,ASIA
397,Kristin Martin,mhawkins@example.org,2023-08-14,US
398,John Lee,gabriellaboyle@example.net,2022-06-15,US
399,Robert Wang,johnsonanthony@example.net,2020-02-01,US
